id,user_name,type_action,type_search,mode_vector,len_vector,mean_time,std_time,mean_compare,std_compare
0,aline,insert,BinarySearch,Arranjos Ordenados (ASC),100,4.9851199999984e-06,1.2581122294427262e-05,1.0,0.0
1,aline,search,BinarySearch,Arranjos Ordenados (ASC),100,3.995290000000651e-06,3.6394321715368543e-06,10.6,2.6514718611184676
2,aline,remove,BinarySearch,Arranjos Ordenados (ASC),100,8.508429999997125e-06,6.202654568987439e-06,8.82,2.362929187139205
3,aline,insert,BinarySearch,Arranjos Ordenados (ASC),10,1.4850099999996758e-05,2.4382094643647257e-05,1.0,0.0
4,aline,insert,BinarySearch,Arranjos Ordenados (ASC),1000,1.6406350000012226e-06,6.842566239979695e-06,1.0,0.0
5,aline,insert,BinarySearch,Arranjos Ordenados (ASC),10000,1.274349830000011e-05,0.0009520390112989442,1.0,0.0
6,aline,insert,BinarySearch,Arranjos Desordenados,100,1.104648000000097e-05,1.6847006400438698e-05,23.68,20.7641299097528
7,aline,insert,BinarySearch,Arranjos Desordenados,10,3.438499999974809e-06,2.6640049320657356e-06,3.8,1.8135294011647258
8,aline,insert,BinarySearch,Arranjos Desordenados,1000,0.0010465018070000048,0.014937243592997165,257.145,218.9885658361344
9,aline,insert,BinarySearch,Arranjos Quase Ordenados,10,9.557400000126392e-06,1.700429483783957e-05,1.9,1.5238839267549946
10,aline,insert,BinarySearch,Arranjos Ordenados (DESC),1000,0.0013061865890000037,0.012002733846999064,500.5,288.8194360957494
11,aline,insert,BinarySearch,Arranjos Quase Ordenados,10000,2.2696507899999508e-05,0.0014641083319191614,2.7991,99.94280462149119
12,aline,insert,BinarySearch,Arranjos Ordenados (DESC),100,2.01081699999861e-05,1.2481969300449854e-05,50.5,29.011491975882016
13,aline,insert,BinarySearch,Arranjos Quase Ordenados,100,2.8134100000176686e-06,6.031519575142658e-06,2.71,9.432690844380334
14,aline,insert,BinarySearch,Arranjos Quase Ordenados,1000,1.7373729999965447e-06,6.940947901960563e-06,2.791,31.442040660887788
15,aline,search,BinarySearch,Arranjos Ordenados (ASC),1000,6.342321000015527e-06,2.8310324846058392e-06,16.974,2.774711340486254
16,aline,search,BinarySearch,Arranjos Ordenados (ASC),10,5.283299999980784e-06,7.082878997960179e-06,4.8,1.9888578520235065
17,aline,insert,BinarySearch,Arranjos Ordenados (DESC),10,6.125899999975815e-06,6.279843300299736e-06,5.5,3.0276503540974917
18,aline,search,BinarySearch,Arranjos Ordenados (ASC),10000,0.00015894780280000572,0.009052748687214647,23.7262,2.9754191086109514
19,aline,search,BinarySearch,Arranjos Ordenados (DESC),100,5.606140000065096e-06,9.089743687419886e-06,10.6,2.6514718611184676
20,aline,search,BinarySearch,Arranjos Desordenados,10,8.64879999991075e-06,1.3063532368968347e-05,4.8,1.9888578520235065
21,aline,search,BinarySearch,Arranjos Desordenados,1000,4.070240000006997e-06,1.6864446448033453e-06,16.974,2.774711340486254
22,aline,search,BinarySearch,Arranjos Desordenados,100,6.584339999982092e-06,4.133549393682667e-06,10.6,2.6514718611184676
23,aline,insert,BinarySearch,Arranjos Quase Ordenados,100000,2.779204383000044e-05,0.002854080673577748,2.79991,316.2096779347465
24,aline,insert,BinarySearch,Arranjos Ordenados (ASC),100000,9.405104319999293e-06,0.001151367653722465,1.0,0.0
25,aline,search,BinarySearch,Arranjos Ordenados (DESC),1000,1.0141734999978169e-05,0.0001678685231889944,16.974,2.774711340486254
26,aline,search,BinarySearch,Arranjos Quase Ordenados,1000,4.532176999950011e-06,2.4750103660441763e-06,16.974,2.774711340486254
27,aline,search,BinarySearch,Arranjos Quase Ordenados,100,3.0704800000158628e-06,2.9849536600243143e-06,10.6,2.6514718611184676
28,aline,search,BinarySearch,Arranjos Quase Ordenados,10,2.7378000005739977e-06,2.2749728103649302e-06,4.8,1.9888578520235065
29,aline,remove,BinarySearch,Arranjos Ordenados (DESC),100,3.941369999935773e-06,5.415219515145494e-06,8.72,2.4785137286346233
30,aline,remove,BinarySearch,Arranjos Ordenados (ASC),1000,0.0003370375450000047,0.0033852332714036214,15.008,2.6935462110740165
31,aline,remove,BinarySearch,Arranjos Desordenados,100,9.327409999873027e-06,5.14224473652987e-06,8.2,3.0616559855309307
32,aline,remove,BinarySearch,Arranjos Ordenados (DESC),1000,6.104194999993595e-06,3.1456962440770094e-06,14.992,2.728989443618898
33,aline,search,BinarySearch,Arranjos Quase Ordenados,10000,8.901458489999606e-05,0.004119611496522544,23.7262,2.9754191086109514
34,aline,remove,BinarySearch,Arranjos Desordenados,1000,0.0008025069560000517,0.018531105554353586,14.184,3.868476329139046
35,aline,remove,BinarySearch,Arranjos Quase Ordenados,10,5.930299999867827e-06,1.1036860191885204e-05,3.6,1.8973665961010275
36,aline,search,BinarySearch,Arranjos Ordenados (DESC),10,7.793000000155815e-06,1.4533038039343053e-05,4.8,1.9888578520235065
37,aline,remove,BinarySearch,Arranjos Quase Ordenados,1000,0.0007664055060000035,0.008755352493492836,14.75,3.3753359674101917
38,aline,remove,BinarySearch,Arranjos Ordenados (ASC),10,7.121300000001441e-06,1.169190692635636e-05,3.8,1.398411797560202
39,aline,remove,BinarySearch,Arranjos Quase Ordenados,100,1.0005010000053716e-05,7.73031896773605e-06,8.1,2.6419307295608605
40,aline,remove,BinarySearch,Arranjos Ordenados (DESC),10,7.377600000424422e-06,1.4329987944591508e-05,3.4,1.577621275493231
41,aline,remove,BinarySearch,Arranjos Desordenados,10,6.510600000098066e-06,8.374042807174104e-06,3.0,1.632993161855452
42,aline,search,BinarySearch,Arranjos Quase Ordenados,100000,9.986507234999898e-05,0.006860470194229964,30.37892,2.9741600646032653
43,aline,search,BinarySearch,Arranjos Ordenados (ASC),100000,0.00014636598045000048,0.008432919264896128,30.37892,2.9741600646032653
44,aline,remove,BinarySearch,Arranjos Quase Ordenados,10000,0.006661895078800094,0.05970742868751891,21.2058,3.27009414414496
45,aline,insert,BinarySearch,Arranjos Desordenados,10000,0.008657893498299991,0.07512612100918231,2510.9367,2217.2204365690714
46,aline,search,BinarySearch,Arranjos Desordenados,10000,1.5251951499993765e-05,0.00019657141614233163,23.7262,2.9754191086109514
47,aline,insert,BinarySearch,Arranjos Ordenados (ASC),1000000,1.7060433983999917e-05,0.002989073508918459,1.0,0.0
48,aline,remove,BinarySearch,Arranjos Ordenados (ASC),10000,0.008877997598899932,0.07801411362454547,21.7312,2.959834897804644
49,aline,insert,BinarySearch,Arranjos Quase Ordenados,1000000,3.089331267099643e-05,0.00622827788144039,2.799991,999.9942800046208
50,aline,remove,BinarySearch,Arranjos Desordenados,10000,0.005525920765400087,0.06009563127636418,20.7936,4.067413603918654
51,aline,insert,BinarySearch,Arranjos Ordenados (DESC),10000,0.01598173420110008,0.09960040323422382,5000.5,2886.8956799071675
52,aline,search,BinarySearch,Arranjos Ordenados (DESC),10000,0.00011447547510001641,0.010044202990388143,23.7262,2.9754191086109514
53,aline,remove,BinarySearch,Arranjos Ordenados (DESC),10000,0.00012034042709985897,0.010431557627747652,21.7288,2.966905932631048
54,aline,search,BinarySearch,Arranjos Ordenados (ASC),1000000,7.07569280119831e-05,0.005053694210165571,36.90289,2.860642905218656
55,aline,search,BinarySearch,Arranjos Quase Ordenados,1000000,9.401082105599013e-05,0.00688102274170616,36.90289,2.860642905218656
56,aline,insert,BinarySearch,Arranjos Desordenados,100000,0.06425089405418981,0.1839985756723428,25056.57367,22082.64647707215
57,aline,search,BinarySearch,Arranjos Desordenados,100000,9.420071434871715e-05,0.006261506981751825,30.37892,2.9741600646032653
58,aline,remove,BinarySearch,Arranjos Quase Ordenados,100000,0.06472851645165927,0.17436970391543868,27.67212,3.1374182283417995
59,aline,remove,BinarySearch,Arranjos Ordenados (ASC),100000,0.06521129012108046,0.17514556889133667,28.37954,2.9714706266050905
60,aline,remove,BinarySearch,Arranjos Desordenados,100000,0.02630482826697187,0.10115888244738074,27.46202,4.1124039974528745
61,aline,insert,BinarySearch,Arranjos Ordenados (DESC),100000,0.0993297303151676,0.20952975204931745,50000.5,28867.65779668774
62,aline,search,BinarySearch,Arranjos Ordenados (DESC),100000,2.2792752833429403e-05,0.0010420885987592744,30.37892,2.9741600646032653
63,aline,remove,BinarySearch,Arranjos Ordenados (DESC),100000,4.7863935883196975e-05,0.0037588478123903764,28.37924,2.972720200936161
0,aline,insert,LinearSearch,Arranjos Ordenados (ASC),10,6.102299999977134e-06,1.2593716881883022e-05,0.0,0.0
1,aline,search,LinearSearch,Arranjos Ordenados (ASC),10,2.087100000003339e-06,2.4583510033325653e-06,5.5,3.0276503540974917
2,aline,remove,LinearSearch,Arranjos Ordenados (ASC),10,5.0316000000272256e-06,4.907254837904203e-06,1.0,0.0
3,aline,insert,LinearSearch,Arranjos Ordenados (ASC),100,3.84657999999094e-06,1.5112061301864008e-05,0.0,0.0
4,aline,insert,LinearSearch,Arranjos Quase Ordenados,100,1.165870000003899e-06,1.8842612391179585e-06,0.0,0.0
5,aline,insert,LinearSearch,Arranjos Ordenados (DESC),1000,1.2708749999994496e-06,2.5205143590143885e-06,0.0,0.0
6,aline,search,LinearSearch,Arranjos Ordenados (ASC),100,2.755600000003966e-06,1.5993098637892115e-06,50.5,29.011491975882016
7,aline,insert,LinearSearch,Arranjos Desordenados,100,1.0637400000002017e-06,1.6891856541432776e-06,0.0,0.0
8,aline,insert,LinearSearch,Arranjos Desordenados,1000,1.1456900000015313e-06,4.16378048170447e-06,0.0,0.0
9,aline,insert,LinearSearch,Arranjos Desordenados,10,5.514999999989279e-06,1.2598265180413676e-05,0.0,0.0
10,aline,insert,LinearSearch,Arranjos Quase Ordenados,10,1.6623000000048905e-06,1.8006274863356264e-06,0.0,0.0
11,aline,search,LinearSearch,Arranjos Desordenados,100,4.648050000000126e-06,1.728840817801516e-06,50.5,29.011491975882016
12,aline,search,LinearSearch,Arranjos Quase Ordenados,100,2.997840000023011e-06,2.232226707805614e-06,50.5,29.011491975882016
13,aline,insert,LinearSearch,Arranjos Desordenados,10000,1.1377294000027404e-06,1.0748660313932357e-05,0.0,0.0
14,aline,insert,LinearSearch,Arranjos Ordenados (DESC),100,2.264739999997545e-06,7.262985924398908e-06,0.0,0.0
15,aline,search,LinearSearch,Arranjos Quase Ordenados,10,3.466100000082406e-06,5.5802213106778686e-06,5.5,3.0276503540974917
16,aline,insert,LinearSearch,Arranjos Ordenados (DESC),10000,6.308046599998418e-06,0.0003883506803525936,0.0,0.0
17,aline,insert,LinearSearch,Arranjos Quase Ordenados,10000,1.5585615999974323e-06,5.320017274353693e-05,0.0,0.0
18,aline,insert,LinearSearch,Arranjos Ordenados (DESC),10,9.09390000005672e-06,2.5637111288209237e-05,0.0,0.0
19,aline,search,LinearSearch,Arranjos Desordenados,1000,0.0006307900729999822,0.0134087370322884,500.5,288.8194360957494
20,aline,remove,LinearSearch,Arranjos Ordenados (ASC),100,7.75080999996014e-06,3.621775257238364e-06,1.0,0.0
21,aline,remove,LinearSearch,Arranjos Quase Ordenados,100,9.285900000017832e-06,6.941870109425882e-06,1.0,0.0
22,aline,insert,LinearSearch,Arranjos Ordenados (DESC),100000,4.341636580000568e-06,0.0005704628917735325,0.0,0.0
23,aline,insert,LinearSearch,Arranjos Quase Ordenados,100000,4.447738630000617e-06,0.0006544405168130029,0.0,0.0
24,aline,insert,LinearSearch,Arranjos Quase Ordenados,1000,1.1038540000025688e-06,1.8640065576983124e-06,0.0,0.0
25,aline,remove,LinearSearch,Arranjos Desordenados,1000,0.0012482344639999994,0.01988836109037145,1.0,0.0
26,aline,insert,LinearSearch,Arranjos Desordenados,100000,4.838844310000198e-06,0.0009857486317745201,0.0,0.0
27,aline,search,LinearSearch,Arranjos Ordenados (DESC),100,3.5014599999616536e-06,4.8175117984107905e-06,50.5,29.011491975882016
28,aline,remove,LinearSearch,Arranjos Desordenados,100,6.325140000047469e-06,4.973588912144572e-06,1.0,0.0
29,aline,search,LinearSearch,Arranjos Quase Ordenados,1000,0.0002372487850000411,0.00628034587837898,500.5,288.8194360957494
30,aline,remove,LinearSearch,Arranjos Ordenados (DESC),100,5.544409999895805e-06,3.5977430018916715e-06,1.0,0.0
31,aline,search,LinearSearch,Arranjos Ordenados (DESC),1000,0.00014559178099999713,0.0027203777703122523,500.5,288.8194360957494
32,aline,insert,LinearSearch,Arranjos Ordenados (ASC),10000,9.676947000001545e-07,1.6255485575962674e-06,0.0,0.0
33,aline,search,LinearSearch,Arranjos Desordenados,10,2.3489500000017926e-05,6.37150001671171e-05,5.5,3.0276503540974917
34,aline,search,LinearSearch,Arranjos Ordenados (DESC),10,9.437400000056328e-06,1.3084598946905705e-05,5.5,3.0276503540974917
35,aline,remove,LinearSearch,Arranjos Quase Ordenados,1000,0.0011219922470000069,0.016278099283620548,1.0,0.0
36,aline,insert,LinearSearch,Arranjos Ordenados (ASC),100000,2.030132504999859e-05,0.0033460259971712356,0.0,0.0
37,aline,remove,LinearSearch,Arranjos Desordenados,10,4.747799999904601e-06,5.9402183050358804e-06,1.0,0.0
38,aline,remove,LinearSearch,Arranjos Quase Ordenados,10,5.299399999891818e-06,7.831135666436234e-06,1.0,0.0
39,aline,remove,LinearSearch,Arranjos Ordenados (DESC),1000,0.0010626751080000183,0.02249134539648287,1.0,0.0
40,aline,insert,LinearSearch,Arranjos Ordenados (ASC),1000,3.5055340000031965e-06,9.197124864905377e-06,0.0,0.0
41,aline,remove,LinearSearch,Arranjos Ordenados (DESC),10,7.2063999997595826e-06,1.1886373928562784e-05,1.0,0.0
42,aline,search,LinearSearch,Arranjos Ordenados (ASC),1000,0.0006176264250000329,0.014921509364378137,500.5,288.8194360957494
43,aline,remove,LinearSearch,Arranjos Ordenados (ASC),1000,0.0023067943999999867,0.04831806752706009,1.0,0.0
44,aline,search,LinearSearch,Arranjos Desordenados,10000,0.0033596542680000008,0.050321456347819156,5000.5,2886.8956799071675
45,aline,search,LinearSearch,Arranjos Quase Ordenados,10000,0.003915808636100008,0.05414254680052678,5000.5,2886.8956799071675
46,aline,search,LinearSearch,Arranjos Ordenados (DESC),10000,0.004243269313299996,0.055191868667960775,5000.5,2886.8956799071675
47,aline,search,LinearSearch,Arranjos Ordenados (ASC),10000,0.003917949104699979,0.05929548473599578,5000.5,2886.8956799071675
48,aline,insert,LinearSearch,Arranjos Quase Ordenados,1000000,1.2351547308000364e-05,0.0020432881056142707,0.0,0.0
49,aline,insert,LinearSearch,Arranjos Ordenados (ASC),1000000,7.6239497620023216e-06,0.001661130949808992,0.0,0.0
50,aline,insert,LinearSearch,Arranjos Desordenados,1000000,8.033774285999482e-06,0.001562497004479656,0.0,0.0
51,aline,insert,LinearSearch,Arranjos Ordenados (DESC),1000000,1.0091694242000163e-05,0.001606739249591281,0.0,0.0
52,aline,remove,LinearSearch,Arranjos Ordenados (ASC),10000,0.008176194380900075,0.06890820478335798,1.0,0.0
53,aline,remove,LinearSearch,Arranjos Quase Ordenados,10000,0.009263747325000089,0.08261931748843658,1.0,0.0
54,aline,remove,LinearSearch,Arranjos Desordenados,10000,0.010045634101199971,0.07670624427079277,1.0,0.0
55,aline,remove,LinearSearch,Arranjos Ordenados (DESC),10000,0.009541813222800146,0.0737372608001227,1.0,0.0
56,aline,search,LinearSearch,Arranjos Quase Ordenados,100000,0.024989231338110207,0.13103060272507186,50000.5,28867.65779668774
57,aline,search,LinearSearch,Arranjos Ordenados (ASC),100000,0.02631231957300021,0.1370819409982578,50000.5,28867.65779668774
58,aline,search,LinearSearch,Arranjos Ordenados (DESC),100000,0.027207058729500706,0.13950227216248132,50000.5,28867.65779668774
59,aline,search,LinearSearch,Arranjos Desordenados,100000,0.037597642522359816,0.16332379722086032,50000.5,28867.65779668774
60,aline,remove,LinearSearch,Arranjos Quase Ordenados,100000,0.05894043172243837,0.20839813112409042,1.0,0.0
61,aline,remove,LinearSearch,Arranjos Ordenados (DESC),100000,0.05866795531946112,0.2082127002449879,1.0,0.0
62,aline,remove,LinearSearch,Arranjos Ordenados (ASC),100000,0.05972629568861208,0.209296278213817,1.0,0.0
63,aline,remove,LinearSearch,Arranjos Desordenados,100000,0.06947170330323027,0.218403680989548,1.0,0.0
0,aline,insert,AATree,Arranjos Ordenados (ASC),100,1.4657500000009316e-06,1.0694524453305278e-06,103.67,37.463532436574404
1,aline,insert,AATree,Arranjos Desordenados,100,3.113330000003023e-06,1.6810256088431626e-05,73.96,25.35681527337534
2,aline,search,AATree,Arranjos Ordenados (ASC),100,1.147879999995327e-06,6.085316203226438e-07,16.58,4.221589532607141
3,aline,insert,AATree,Arranjos Ordenados (DESC),10,1.894000000013385e-06,1.8206515927400465e-06,21.7,10.934654391733954
4,aline,remove,AATree,Arranjos Ordenados (ASC),100,1.7879500000050896e-06,1.334405102389115e-06,36.24,17.54481707116395
5,aline,insert,AATree,Arranjos Ordenados (ASC),10000,7.020455900000111e-06,0.00020657680190601786,399.8196,93.97533821306112
6,aline,insert,AATree,Arranjos Ordenados (ASC),10,4.6847999999932725e-06,9.821254138058067e-06,30.2,16.43032426811947
7,aline,insert,AATree,Arranjos Desordenados,10,2.06699999999449e-06,2.497035931745038e-06,26.0,15.231546211727817
8,aline,insert,AATree,Arranjos Ordenados (DESC),100,2.3320900000017854e-06,3.419586846964885e-06,64.48,20.874555581067366
9,aline,insert,AATree,Arranjos Ordenados (DESC),10000,6.453597500000674e-06,0.00019572742432336318,217.4245,40.82796580812229
10,aline,search,AATree,Arranjos Ordenados (ASC),10000,4.595395499999078e-06,0.00018298628125552747,36.4121,4.951012506799417
11,aline,insert,AATree,Arranjos Ordenados (ASC),1000,8.78414199999994e-06,0.0002119356547845758,228.765,65.29802146012241
12,aline,insert,AATree,Arranjos Ordenados (DESC),1000,2.7490290000001804e-06,2.5039792487619055e-06,128.435,29.355775182006973
13,aline,search,AATree,Arranjos Desordenados,100,1.6950600000009697e-06,7.912535230820581e-07,16.79,4.4159833662400825
14,aline,search,AATree,Arranjos Ordenados (DESC),10000,2.333998499999623e-06,5.2686230553678135e-05,36.0893,4.463128662916427
15,aline,remove,AATree,Arranjos Ordenados (ASC),10000,2.2632119000035365e-06,5.230524700866953e-05,62.9116,20.760503011452514
16,aline,insert,AATree,Arranjos Quase Ordenados,100,3.011930000000884e-06,5.972040397570256e-06,103.17,37.45571256885128
17,aline,insert,AATree,Arranjos Quase Ordenados,10000,6.402367549999797e-05,0.003997915595201324,399.8028,93.98567360424823
18,aline,search,AATree,Arranjos Ordenados (DESC),100,1.8195400000120543e-06,7.050917616427957e-07,16.4,3.9772077916777016
19,aline,search,AATree,Arranjos Ordenados (ASC),1000,1.7623619999893592e-06,1.2526964625972137e-06,27.128,5.521965964048322
20,aline,insert,AATree,Arranjos Quase Ordenados,1000,2.8029960000031107e-06,1.631179301116755e-05,228.604,65.29847682048238
21,aline,search,AATree,Arranjos Desordenados,10,3.1560999999680204e-06,6.5592385982622984e-06,8.0,3.4641016151377544
22,aline,insert,AATree,Arranjos Desordenados,1000,2.740214999998325e-06,3.0933946064091415e-06,148.778,37.54784356732829
23,aline,remove,AATree,Arranjos Desordenados,100,2.09050999997018e-06,5.0697240007294035e-06,36.35,13.00767061965727
24,aline,remove,AATree,Arranjos Ordenados (DESC),100,2.028569999987795e-06,1.1342726343772834e-06,39.88,17.10766855045781
25,aline,remove,AATree,Arranjos Ordenados (DESC),10000,2.9505943000001002e-05,0.002029757062250012,79.65,23.134628181626567
26,aline,search,AATree,Arranjos Ordenados (DESC),10,2.4011000000045966e-06,3.2153292366327265e-06,7.7,2.9832867780352594
27,aline,search,AATree,Arranjos Quase Ordenados,10000,3.065361900005659e-06,9.174930684178717e-05,36.4109,4.948445200362443
28,aline,remove,AATree,Arranjos Ordenados (ASC),1000,1.917242999969204e-06,1.5584197046890893e-06,49.742,20.158566511629836
29,aline,search,AATree,Arranjos Desordenados,1000,1.0790139999805603e-06,2.7944488413482626e-07,27.08,5.247393175199962
30,aline,search,AATree,Arranjos Quase Ordenados,100,1.4789999999287319e-06,6.189844240773183e-07,16.52,4.127953488110059
31,aline,search,AATree,Arranjos Ordenados (DESC),1000,1.7931789999883208e-06,7.286157326368932e-07,25.961,4.1620670107293805
32,aline,remove,AATree,Arranjos Ordenados (DESC),10,1.4601800000058062e-05,3.7520991765875255e-05,20.0,9.843215373488933
33,aline,insert,AATree,Arranjos Quase Ordenados,10,3.571099999999383e-06,4.1391970088171465e-06,28.7,15.158789163019877
34,aline,search,AATree,Arranjos Quase Ordenados,1000,1.1361639999609707e-06,2.8727179498372294e-07,27.113,5.496402590917212
35,aline,insert,AATree,Arranjos Desordenados,100000,4.150326076999981e-05,0.002362431106372973,381.22361,70.09756076532302
36,aline,insert,AATree,Arranjos Ordenados (ASC),100000,4.8979669770000115e-05,0.003172442995032258,624.88702,129.86518519288705
37,aline,remove,AATree,Arranjos Ordenados (DESC),1000,1.2236760000163827e-06,8.879745299560081e-07,59.22,21.354334632753314
38,aline,remove,AATree,Arranjos Desordenados,1000,1.374301999986116e-06,9.743849079239498e-07,51.936,16.515043162240012
39,aline,remove,AATree,Arranjos Desordenados,10,2.583800000088843e-06,3.2944339863406034e-06,20.7,11.055918475338597
40,aline,remove,AATree,Arranjos Quase Ordenados,1000,2.0561619999668324e-06,3.9649542541604915e-07,54.04,18.866328162584747
41,aline,insert,AATree,Arranjos Quase Ordenados,100000,2.7322273550001065e-05,0.002122869708171577,624.88457,129.86777707464745
42,aline,remove,AATree,Arranjos Quase Ordenados,10000,1.1879225100005363e-05,0.0006983655357289874,67.2364,19.61332667597034
43,aline,search,AATree,Arranjos Ordenados (ASC),10,1.9557000000114398e-06,2.421801443898137e-06,8.0,3.4641016151377544
44,aline,search,AATree,Arranjos Quase Ordenados,10,6.83169999984301e-06,1.1882462923192508e-05,7.7,2.9832867780352594
45,aline,insert,AATree,Arranjos Desordenados,10000,1.732711869999898e-05,0.0007669030721999089,256.0446,54.861363342144315
46,aline,insert,AATree,Arranjos Ordenados (DESC),100000,3.8141380959999494e-05,0.002384857677412835,327.42778,50.48475721818135
47,aline,remove,AATree,Arranjos Ordenados (ASC),10,5.421700000241003e-06,1.2326815836888748e-05,20.0,11.234866364235145
48,aline,remove,AATree,Arranjos Quase Ordenados,100,1.6104999999200232e-06,6.257691429700496e-07,40.16,16.092359690363637
49,aline,remove,AATree,Arranjos Quase Ordenados,10,6.971499999863795e-06,1.005905161508009e-05,20.4,9.559172442098625
50,aline,search,AATree,Arranjos Desordenados,10000,2.839902630000477e-05,0.0018864715795622285,37.5419,5.793772619814917
51,aline,remove,AATree,Arranjos Desordenados,10000,1.6355869399994205e-05,0.001153890290650127,66.1875,17.644105961978344
52,aline,search,AATree,Arranjos Ordenados (ASC),100000,1.446974702000114e-05,0.0019501872675159028,46.14533,4.574966501985008
53,aline,search,AATree,Arranjos Desordenados,100000,1.6584733699999548e-05,0.0020221370706132234,47.34266,5.652090196169542
54,aline,search,AATree,Arranjos Quase Ordenados,100000,1.7225001920002862e-05,0.001937824006976913,46.14518,4.574594193665747
55,aline,search,AATree,Arranjos Ordenados (DESC),100000,1.4184873370003146e-05,0.0014650804233970127,46.06838,4.461240096904898
56,aline,remove,AATree,Arranjos Ordenados (ASC),100000,1.1273743500009096e-05,0.0010284971925848335,77.10604,21.16514387268727
57,aline,remove,AATree,Arranjos Quase Ordenados,100000,1.0213617940000503e-05,0.0009706158313291978,81.4385,20.06431418008189
58,aline,remove,AATree,Arranjos Desordenados,100000,1.3699091530001972e-05,0.0008502538696035657,79.85547,18.162022455379155
59,aline,remove,AATree,Arranjos Ordenados (DESC),100000,1.8027433159994468e-05,0.0013801811046966037,100.93552,24.057139268605855
60,aline,insert,AATree,Arranjos Ordenados (DESC),1000000,3.107198581800149e-05,0.002626432009622687,456.778721,57.72076581518098
61,aline,insert,AATree,Arranjos Ordenados (ASC),1000000,3.567262627000116e-05,0.0026054894087980335,898.895152,166.1492827203327
62,aline,insert,AATree,Arranjos Quase Ordenados,1000000,3.4834780343999297e-05,0.0027182897963049547,898.894816,166.14976987667535
63,aline,search,AATree,Arranjos Ordenados (DESC),1000000,6.011927338006614e-06,0.0007116849496121134,55.854335,4.290964357827984
64,aline,insert,AATree,Arranjos Desordenados,1000000,4.472870124700074e-05,0.0034358173315859556,531.644462,84.51470488303143
65,aline,search,AATree,Arranjos Ordenados (ASC),1000000,7.292960702994485e-06,0.0013299551729014755,56.795345,5.32931418970253
66,aline,search,AATree,Arranjos Quase Ordenados,1000000,7.630922556001792e-06,0.0014624988965104325,56.795327,5.329276345270281
67,aline,remove,AATree,Arranjos Ordenados (DESC),1000000,7.5077193869966265e-06,0.0009744618571401739,119.61216,24.039915766323933
68,aline,search,AATree,Arranjos Desordenados,1000000,1.0528711787002138e-05,0.0016808043509829956,57.884138,6.140832492975176
69,aline,remove,AATree,Arranjos Ordenados (ASC),1000000,5.9986500330053754e-06,0.0010749520332170757,89.993774,21.06549522304218
70,aline,remove,AATree,Arranjos Quase Ordenados,1000000,8.032366425999954e-06,0.001340679289883856,94.327026,19.963420762321586
71,aline,remove,AATree,Arranjos Desordenados,1000000,4.794587751003135e-06,0.00022119748662700073,93.614242,18.35217669835994
0,aline,insert,ReadBlackTree,Arranjos Ordenados (ASC),10,1.2413300000013727e-05,1.7139144747547908e-05,20.3,8.994442728707543
1,aline,insert,ReadBlackTree,Arranjos Ordenados (ASC),100,9.260319999994104e-06,2.0217275873748524e-05,42.48,10.075953973934602
2,aline,insert,ReadBlackTree,Arranjos Desordenados,100,5.711149999995113e-06,6.878992113123552e-06,29.32,10.34347498413733
3,aline,insert,ReadBlackTree,Arranjos Desordenados,10,1.5640500000024815e-05,1.2583846340511779e-05,13.8,7.539525478731698
4,aline,insert,ReadBlackTree,Arranjos Ordenados (DESC),10,4.6429599999986414e-05,7.029967515522597e-05,20.3,8.994442728707543
5,aline,insert,ReadBlackTree,Arranjos Quase Ordenados,10,1.975130000004821e-05,2.2150690062267273e-05,20.4,10.553567064162609
6,aline,insert,ReadBlackTree,Arranjos Ordenados (ASC),1000,3.5054871999998684e-05,0.0008458151406921972,63.159,10.271086321038014
7,aline,insert,ReadBlackTree,Arranjos Quase Ordenados,100,8.376160000005406e-06,6.111508657866161e-06,43.2,11.40706851567098
8,aline,insert,ReadBlackTree,Arranjos Ordenados (ASC),10000,6.43820070999997e-05,0.001783042127985492,83.3757,10.436955615228582
9,aline,insert,ReadBlackTree,Arranjos Ordenados (DESC),10000,0.00012795649029999844,0.0043411669235008665,83.3757,10.436955615228582
10,aline,insert,ReadBlackTree,Arranjos Desordenados,1000,2.7967482000003985e-05,0.0006561298702417778,38.768,10.011013754680212
11,aline,insert,ReadBlackTree,Arranjos Quase Ordenados,1000,2.150664200000696e-05,0.0002359756534568598,64.122,11.474701947535927
12,aline,search,ReadBlackTree,Arranjos Ordenados (DESC),10,6.128899999868764e-06,9.83411886638271e-06,9.0,3.4641016151377544
13,aline,insert,ReadBlackTree,Arranjos Ordenados (DESC),1000,0.0003220923719999833,0.009811683920767773,63.159,10.271086321038014
14,aline,search,ReadBlackTree,Arranjos Desordenados,100,5.716240000026574e-06,2.144851995721761e-06,17.82,4.386342439892261
15,aline,insert,ReadBlackTree,Arranjos Desordenados,10000,9.401123719999824e-05,0.0031687729992108163,48.9446,10.08143315057125
16,aline,search,ReadBlackTree,Arranjos Quase Ordenados,10,8.540599999928843e-06,1.637374259276086e-05,8.7,2.9832867780352594
17,aline,insert,ReadBlackTree,Arranjos Quase Ordenados,10000,0.00022365007250000195,0.0088800484665448,84.3708,11.581663129796393
18,aline,search,ReadBlackTree,Arranjos Desordenados,10,8.198300000117342e-06,1.5663478335345195e-05,8.7,2.9832867780352594
19,aline,search,ReadBlackTree,Arranjos Ordenados (ASC),10000,7.20033921000014e-05,0.0038246161487699992,38.6559,6.201204776821066
20,aline,remove,ReadBlackTree,Arranjos Ordenados (DESC),10,8.040699999867228e-06,9.728431597522377e-06,19.8,8.216514535440872
21,aline,search,ReadBlackTree,Arranjos Ordenados (ASC),10,9.911199999990128e-06,2.1364934296885057e-05,9.0,3.4641016151377544
22,aline,insert,ReadBlackTree,Arranjos Ordenados (DESC),100,7.537320000003955e-06,4.5564693200195775e-06,42.48,10.075953973934602
23,aline,search,ReadBlackTree,Arranjos Quase Ordenados,100,4.754700000013656e-06,3.7730960855271577e-06,18.54,5.565804687390838
24,aline,remove,ReadBlackTree,Arranjos Ordenados (ASC),10000,5.446159879999666e-05,0.002342510058924829,49.5782,11.57022349685505
25,aline,remove,ReadBlackTree,Arranjos Quase Ordenados,10,1.264740000017639e-05,1.6699197433649776e-05,18.1,8.089087299153924
26,aline,search,ReadBlackTree,Arranjos Ordenados (ASC),100,3.0489500000008274e-06,1.6231198003723229e-06,18.6,5.608435205522611
27,aline,search,ReadBlackTree,Arranjos Desordenados,1000,1.1070694999933295e-05,0.00016796214355993829,27.711,4.883167447909638
28,aline,search,ReadBlackTree,Arranjos Quase Ordenados,1000,0.00027003318900000297,0.00834898365221095,28.203,5.729801185174022
29,aline,remove,ReadBlackTree,Arranjos Desordenados,100,6.522620000204427e-06,3.524347621616409e-06,30.19,8.750982628807863
30,aline,remove,ReadBlackTree,Arranjos Quase Ordenados,100,7.431209999815281e-06,7.683822436361643e-06,30.39,10.55997302567721
31,aline,search,ReadBlackTree,Arranjos Ordenados (DESC),1000,6.929086400005246e-05,0.0019485223767674368,28.218,5.752527059264264
32,aline,search,ReadBlackTree,Arranjos Ordenados (DESC),10000,6.275459510000054e-05,0.003213319549378326,38.6559,6.201204776821066
33,aline,remove,ReadBlackTree,Arranjos Ordenados (ASC),100,8.114540000079273e-06,5.349898989464224e-06,30.49,10.43836648856012
34,aline,remove,ReadBlackTree,Arranjos Quase Ordenados,1000,1.178410899992599e-05,0.00016936075597330733,40.203,11.292888041609212
35,aline,remove,ReadBlackTree,Arranjos Desordenados,10,5.773899999539367e-06,5.388735110955493e-06,17.0,4.898979485566356
36,aline,search,ReadBlackTree,Arranjos Ordenados (ASC),1000,0.00011666444599999081,0.0034905429965946906,28.218,5.752527059264264
37,aline,search,ReadBlackTree,Arranjos Desordenados,10000,0.0001798955204999878,0.010978548885210144,37.7985,5.086382297712968
38,aline,remove,ReadBlackTree,Arranjos Desordenados,1000,4.192504099991723e-05,0.0009450824001225417,39.775,8.955142074225822
39,aline,search,ReadBlackTree,Arranjos Ordenados (DESC),100,3.1045299998666563e-06,2.101329831245273e-06,18.6,5.608435205522611
40,aline,remove,ReadBlackTree,Arranjos Ordenados (ASC),10,2.1908900000155996e-05,4.1959357065650053e-05,20.8,8.216514535440872
41,aline,insert,ReadBlackTree,Arranjos Ordenados (ASC),100000,0.0001460920803999966,0.008486712113685499,103.16666,10.313754320308478
42,aline,remove,ReadBlackTree,Arranjos Ordenados (ASC),1000,7.355721000024573e-06,4.36917742946917e-06,40.582,11.374385814304553
43,aline,remove,ReadBlackTree,Arranjos Ordenados (DESC),10000,1.844139029997791e-05,0.0003179744555431697,50.5782,11.57022349685505
44,aline,insert,ReadBlackTree,Arranjos Desordenados,100000,0.00015134971081000057,0.007467448478420252,59.00383,10.197832872186762
45,aline,search,ReadBlackTree,Arranjos Quase Ordenados,10000,5.731501459998647e-05,0.0034689275402892523,38.6532,6.195318228856019
46,aline,insert,ReadBlackTree,Arranjos Ordenados (DESC),100000,0.00014525350872999888,0.007687811973682304,103.16666,10.313754320308478
47,aline,remove,ReadBlackTree,Arranjos Ordenados (DESC),100,6.150939999578498e-06,4.804274548272342e-06,30.49,10.43836648856012
48,aline,remove,ReadBlackTree,Arranjos Ordenados (DESC),1000,2.2735522000012055e-05,0.0004963529619799585,40.582,11.374385814304553
49,aline,insert,ReadBlackTree,Arranjos Quase Ordenados,100000,0.0002055149432399994,0.01231240471679105,104.16608,11.463075130806503
50,aline,remove,ReadBlackTree,Arranjos Quase Ordenados,10000,5.08133072000053e-05,0.0016993260937586214,50.1575,11.49060908567148
51,aline,remove,ReadBlackTree,Arranjos Desordenados,10000,9.750396689998872e-05,0.0045263584508962625,49.4851,9.266734334517347
52,aline,search,ReadBlackTree,Arranjos Ordenados (ASC),100000,6.561189246000276e-05,0.0046471567741436515,48.28692,6.346540766385811
53,aline,search,ReadBlackTree,Arranjos Quase Ordenados,100000,7.612937243999642e-05,0.00806273259753394,48.28656,6.345379894447617
54,aline,remove,ReadBlackTree,Arranjos Ordenados (ASC),100000,4.83916224200037e-05,0.005743022388826375,60.84785,11.747011547636403
55,aline,search,ReadBlackTree,Arranjos Ordenados (DESC),100000,8.003446933001044e-05,0.0064703733201366695,48.28692,6.346540766385811
56,aline,search,ReadBlackTree,Arranjos Desordenados,100000,0.0001541247709000067,0.012243648445417725,47.94474,5.236621100901377
57,aline,remove,ReadBlackTree,Arranjos Quase Ordenados,100000,6.87868826299819e-05,0.004239412341892262,60.42331,11.669574132482484
58,aline,remove,ReadBlackTree,Arranjos Ordenados (DESC),100000,4.912951958999756e-05,0.0028323710442472614,60.84785,11.747011547636403
59,aline,remove,ReadBlackTree,Arranjos Desordenados,100000,9.677062858999428e-05,0.00493323310217982,59.61297,9.368064655277196
60,aline,insert,ReadBlackTree,Arranjos Ordenados (DESC),1000000,0.00011339657773699705,0.008843057508206133,123.135325,10.343454119945529
61,aline,insert,ReadBlackTree,Arranjos Ordenados (ASC),1000000,0.00012342286135200105,0.009392957620956467,123.135325,10.343454119945529
62,aline,insert,ReadBlackTree,Arranjos Quase Ordenados,1000000,0.00012706245551499424,0.009595756884669486,124.135258,11.488747158186886
63,aline,insert,ReadBlackTree,Arranjos Desordenados,1000000,0.0001257977758610019,0.009485083862291828,69.218683,10.28334763064779
64,aline,search,ReadBlackTree,Arranjos Ordenados (DESC),1000000,3.655470876900915e-05,0.003155646965869325,57.99927,5.802192958920199
65,aline,search,ReadBlackTree,Arranjos Quase Ordenados,1000000,3.224958698199069e-05,0.0024508649835019666,57.999225,5.802004486609008
66,aline,search,ReadBlackTree,Arranjos Ordenados (ASC),1000000,3.348974350297894e-05,0.002811141865045281,57.99927,5.802192958920199
67,aline,search,ReadBlackTree,Arranjos Desordenados,1000000,6.974793762201545e-05,0.004273891656283037,58.120935,5.402095973639852
68,aline,remove,ReadBlackTree,Arranjos Ordenados (ASC),1000000,4.1101650611002923e-05,0.003125392131931649,70.709162,11.67223112771228
69,aline,remove,ReadBlackTree,Arranjos Quase Ordenados,1000000,4.2382195377986334e-05,0.002833803815206346,70.284208,11.594562356838322
70,aline,remove,ReadBlackTree,Arranjos Ordenados (DESC),1000000,4.9924764717990203e-05,0.003508187155374778,70.709162,11.67223112771228
71,aline,remove,ReadBlackTree,Arranjos Desordenados,1000000,2.5952459843002372e-05,0.001087494940389342,69.819106,9.457816704243152
0,aline,insert,BinarySearchTree,Arranjos Ordenados (ASC),10,9.289300000037137e-06,9.302023866434484e-06,1.8,0.6324555320336759
1,aline,insert,BinarySearchTree,Arranjos Ordenados (ASC),100,1.6438590000003027e-05,2.3560316580124523e-05,1.98,0.2
2,aline,search,BinarySearchTree,Arranjos Ordenados (ASC),10,1.1844599999988326e-05,2.4041422278125975e-05,14.5,9.082951062292475
3,aline,insert,BinarySearchTree,Arranjos Desordenados,10,7.398199999975041e-06,6.860768790742234e-06,1.8,0.6324555320336759
4,aline,search,BinarySearchTree,Arranjos Ordenados (ASC),100,1.4777969999983931e-05,7.548290744298541e-06,149.5,87.03447592764606
5,aline,remove,BinarySearchTree,Arranjos Ordenados (ASC),10,1.405760000001699e-05,2.5666627576542083e-05,16.5,9.082951062292475
6,aline,insert,BinarySearchTree,Arranjos Desordenados,100,3.3944599999813365e-06,1.1277061407093158e-06,1.98,0.2
7,aline,insert,BinarySearchTree,Arranjos Ordenados (DESC),100,1.412483999999381e-05,5.50903707643564e-06,1.98,0.2
8,aline,insert,BinarySearchTree,Arranjos Ordenados (ASC),1000,0.00042875163899999837,0.002456098261016644,1.998,0.06324555320336758
9,aline,insert,BinarySearchTree,Arranjos Quase Ordenados,10,1.0771999999992232e-05,2.2987682643878394e-05,1.8,0.6324555320336759
10,aline,insert,BinarySearchTree,Arranjos Desordenados,10000,0.0001270625243999996,0.005225955217343663,1.9998,0.02
11,aline,insert,BinarySearchTree,Arranjos Desordenados,1000,6.66098239999957e-05,0.0019481799178328498,1.998,0.06324555320336758
12,aline,search,BinarySearchTree,Arranjos Quase Ordenados,10,1.7602900000079913e-05,4.249940625847363e-05,13.6,7.974960814950754
13,aline,search,BinarySearchTree,Arranjos Ordenados (DESC),100,1.4779710000021317e-05,7.848990391601426e-06,149.5,87.03447592764606
14,aline,insert,BinarySearchTree,Arranjos Quase Ordenados,1000,0.00052183059899999,0.011054330438464901,1.998,0.06324555320336758
15,aline,remove,BinarySearchTree,Arranjos Quase Ordenados,10,5.13619999997772e-06,4.401247166612476e-06,15.1,7.264066813202276
16,aline,search,BinarySearchTree,Arranjos Ordenados (ASC),1000,0.0009780446810000005,0.012108467399123498,1499.5,866.4583082872482
17,aline,remove,BinarySearchTree,Arranjos Ordenados (ASC),100,1.893816000000159e-05,2.9391602341771472e-05,151.5,87.03447592764606
18,aline,search,BinarySearchTree,Arranjos Quase Ordenados,1000,0.0004537342460000016,0.01264287808700725,314.461,173.4099405642205
19,aline,search,BinarySearchTree,Arranjos Desordenados,100,3.492910000009175e-06,1.731928533829794e-06,21.16,8.291068579008268
20,aline,remove,BinarySearchTree,Arranjos Quase Ordenados,1000,6.939093299999844e-05,0.00043069061835183616,314.872,173.35812255171274
21,aline,insert,BinarySearchTree,Arranjos Quase Ordenados,100,5.280459999981168e-06,3.551584100734287e-06,1.98,0.2
22,aline,remove,BinarySearchTree,Arranjos Ordenados (DESC),100,1.4892700000039838e-05,7.748065045442962e-06,151.5,87.03447592764606
23,aline,search,BinarySearchTree,Arranjos Desordenados,10000,0.00019263029149999916,0.008350599601118613,52.4548,12.269262832014158
24,aline,search,BinarySearchTree,Arranjos Desordenados,1000,1.0120733000004823e-05,0.00016294048227723316,37.036,12.774501629883332
25,aline,search,BinarySearchTree,Arranjos Desordenados,10,3.3213999999670564e-06,2.019645689456357e-06,11.2,6.0332412515993425
26,aline,search,BinarySearchTree,Arranjos Quase Ordenados,100,5.9509500000309855e-06,3.0112343969174683e-06,44.11,18.623811737567678
27,aline,remove,BinarySearchTree,Arranjos Ordenados (ASC),1000,0.0017596802730000213,0.01646880498961679,1501.5,866.4583082872482
28,aline,remove,BinarySearchTree,Arranjos Desordenados,1000,0.0001552062870000066,0.004736975501728679,37.636,12.011902005502284
29,aline,remove,BinarySearchTree,Arranjos Quase Ordenados,100,6.386749999993669e-06,4.165136876550085e-06,44.62,18.134614482371617
30,aline,insert,BinarySearchTree,Arranjos Ordenados (DESC),1000,0.0005019621769999976,0.00574118131246872,1.998,0.06324555320336758
31,aline,insert,BinarySearchTree,Arranjos Ordenados (DESC),10,4.135799999982481e-06,7.448587934574268e-07,1.8,0.6324555320336759
32,aline,remove,BinarySearchTree,Arranjos Desordenados,10000,9.551677909999601e-05,0.003779591054741688,53.3771,11.776525983770624
33,aline,search,BinarySearchTree,Arranjos Ordenados (DESC),10,3.512199999633481e-06,1.6234431036920333e-06,14.5,9.082951062292475
34,aline,search,BinarySearchTree,Arranjos Ordenados (DESC),1000,0.0009071369799999847,0.010280761270469103,1499.5,866.4583082872482
35,aline,remove,BinarySearchTree,Arranjos Desordenados,100,3.544980000009801e-06,1.1143913497811958e-06,20.89,7.014983962918233
36,aline,remove,BinarySearchTree,Arranjos Desordenados,10,6.49079999996971e-06,6.3828126646313795e-06,12.6,5.796550698475776
37,aline,remove,BinarySearchTree,Arranjos Ordenados (DESC),10,3.7581000000841414e-06,1.5802611214202184e-06,16.5,9.082951062292475
38,aline,remove,BinarySearchTree,Arranjos Ordenados (DESC),1000,0.003183725743000002,0.06028915296303088,1501.5,866.4583082872482
39,aline,insert,BinarySearchTree,Arranjos Desordenados,100000,0.00010291694432999936,0.0053874146508364334,1.99998,0.006324555320336759
40,aline,insert,BinarySearchTree,Arranjos Quase Ordenados,10000,0.002733961197199992,0.028462292245891467,1.9998,0.02
41,aline,search,BinarySearchTree,Arranjos Desordenados,100000,7.404447768000665e-05,0.004504303406098003,62.28211,14.19246342986594
42,aline,remove,BinarySearchTree,Arranjos Desordenados,100000,8.932812741999751e-05,0.004506427583790207,63.12744,13.755183426516382
43,aline,search,BinarySearchTree,Arranjos Quase Ordenados,10000,0.002971441507500011,0.027664235326848065,3014.4961,1732.1491601060445
44,aline,remove,BinarySearchTree,Arranjos Quase Ordenados,10000,0.003034320772099975,0.02651442273283336,3014.8972,1732.1439755133956
45,aline,insert,BinarySearchTree,Arranjos Ordenados (DESC),10000,0.014665897400500063,0.05478036860147272,1.9998,0.02
46,aline,insert,BinarySearchTree,Arranjos Ordenados (ASC),10000,0.016089052061799957,0.060684998553221695,1.9998,0.02
47,aline,search,BinarySearchTree,Arranjos Ordenados (DESC),10000,0.016611441421900103,0.055504716318491076,14999.5,8660.687039721503
48,aline,search,BinarySearchTree,Arranjos Ordenados (ASC),10000,0.016311739518600137,0.051948022600237,14999.5,8660.687039721503
49,aline,remove,BinarySearchTree,Arranjos Ordenados (DESC),10000,0.015862140929999664,0.04921065264963788,15001.5,8660.687039721503
50,aline,remove,BinarySearchTree,Arranjos Ordenados (ASC),10000,0.015446589658700025,0.048451086114793776,15001.5,8660.687039721503
51,aline,insert,BinarySearchTree,Arranjos Quase Ordenados,100000,0.02527547420847952,0.04343690276252485,1.99998,0.006324555320336759
52,aline,search,BinarySearchTree,Arranjos Quase Ordenados,100000,0.026813797415230264,0.03994940491883892,30014.49961,17320.59585243206
53,aline,remove,BinarySearchTree,Arranjos Quase Ordenados,100000,0.025778725283079857,0.03998613687843247,30014.89972,17320.59533397138
54,aline,insert,BinarySearchTree,Arranjos Ordenados (ASC),100000,0.09281019113438957,0.08317419344751227,1.99998,0.006324555320336759
55,aline,insert,BinarySearchTree,Arranjos Ordenados (DESC),100000,0.09351034891798923,0.08485600171774861,1.99998,0.006324555320336759
56,aline,search,BinarySearchTree,Arranjos Ordenados (ASC),100000,0.07439558158314498,0.04282440421391851,149999.5,86602.97339006323
57,aline,search,BinarySearchTree,Arranjos Ordenados (DESC),100000,0.0746653072988473,0.04284542995911774,149999.5,86602.97339006323
58,aline,remove,BinarySearchTree,Arranjos Ordenados (ASC),100000,0.07473424907030356,0.04369453104535482,150001.5,86602.97339006323
59,aline,remove,BinarySearchTree,Arranjos Ordenados (DESC),100000,0.07456835177288977,0.04306367655368272,150001.5,86602.97339006323
0,aline,insert,AVLTree,Arranjos Ordenados (ASC),10,2.9763300000018587e-05,2.8949863573066362e-05,10.3,4.9899899799498595
1,aline,search,AVLTree,Arranjos Ordenados (ASC),10,4.460400000005915e-06,6.653198498980677e-06,7.7,2.9832867780352594
2,aline,insert,AVLTree,Arranjos Ordenados (DESC),100,2.671741999999866e-05,0.0001603267879842178,20.98,4.771506337339679
3,aline,insert,AVLTree,Arranjos Desordenados,1000,3.1302010000000325e-05,0.00029933632238936134,29.03,5.894221054714681
4,aline,insert,AVLTree,Arranjos Ordenados (DESC),10,1.2963100000018546e-05,1.5044955355709424e-05,10.3,4.9899899799498595
5,aline,insert,AVLTree,Arranjos Ordenados (ASC),10000,6.004000609999989e-05,0.0011999764113438149,41.0809,4.496106836772094
6,aline,insert,AVLTree,Arranjos Desordenados,10,7.275200000000925e-06,3.5754225795009234e-06,10.3,5.375872022286245
7,aline,insert,AVLTree,Arranjos Quase Ordenados,100,1.189853000000074e-05,3.1889926007016674e-06,21.17,5.218566311108286
8,aline,search,AVLTree,Arranjos Ordenados (DESC),100,2.797230000011197e-06,1.85193709043037e-06,16.4,3.9772077916777016
9,aline,insert,AVLTree,Arranjos Quase Ordenados,10,9.447099999970731e-06,4.032011806883324e-06,10.1,5.087020520675907
10,aline,search,AVLTree,Arranjos Desordenados,10,6.909700000168328e-06,1.0685181525548521e-05,7.7,2.9832867780352594
11,aline,insert,AVLTree,Arranjos Quase Ordenados,1000,0.0006201626949999961,0.01902604281991954,31.1,4.900613840736282
12,aline,search,AVLTree,Arranjos Desordenados,1000,2.434270000010841e-06,7.889054790825916e-07,26.654,4.806598317665768
13,aline,insert,AVLTree,Arranjos Ordenados (ASC),100,1.0409929999997126e-05,1.0394613727813359e-05,20.98,4.771506337339679
14,aline,insert,AVLTree,Arranjos Ordenados (DESC),1000,3.940499600000202e-05,0.0008671942205035686,30.901,4.3515669746810905
15,aline,insert,AVLTree,Arranjos Desordenados,100,1.133137000000506e-05,7.262169537887938e-06,19.2,5.789227194984795
16,aline,insert,AVLTree,Arranjos Quase Ordenados,10000,0.00010868620600000148,0.004673957154736424,41.2805,5.036085381086838
17,aline,remove,AVLTree,Arranjos Desordenados,10,8.211599999796703e-06,8.509331429253399e-06,10.1,4.04007700696685
18,aline,remove,AVLTree,Arranjos Ordenados (DESC),100,7.683439999990326e-06,7.793431985199132e-06,18.33,4.597001657866162
19,aline,insert,AVLTree,Arranjos Ordenados (ASC),1000,2.0610893000000407e-05,0.0001721192440716992,30.901,4.3515669746810905
20,aline,remove,AVLTree,Arranjos Desordenados,1000,0.00036952063800004356,0.010809516316413819,36.145,7.09452657386716
21,aline,remove,AVLTree,Arranjos Ordenados (ASC),10,7.892800000242062e-06,8.097567547093822e-06,8.4,3.40587727318528
22,aline,search,AVLTree,Arranjos Ordenados (ASC),100,3.0373200000077815e-06,3.971880202191822e-06,16.4,3.9772077916777016
23,aline,search,AVLTree,Arranjos Desordenados,100,2.678350000007157e-06,2.2290895018420955e-06,16.79,4.374616866340723
24,aline,search,AVLTree,Arranjos Quase Ordenados,10,3.6404000001155623e-06,6.878701899266139e-06,7.7,2.9832867780352594
25,aline,search,AVLTree,Arranjos Ordenados (DESC),1000,3.0826179999614566e-06,1.0334868170616528e-06,25.961,4.1620670107293805
26,aline,search,AVLTree,Arranjos Quase Ordenados,1000,2.612353000014167e-06,9.436049802491227e-07,25.964,4.165339608489812
27,aline,search,AVLTree,Arranjos Quase Ordenados,100,2.6018099999447485e-06,2.8237445470299503e-06,16.43,4.015764390046263
28,aline,search,AVLTree,Arranjos Ordenados (ASC),1000,2.81850899999192e-06,9.609337071922436e-07,25.961,4.1620670107293805
29,aline,remove,AVLTree,Arranjos Desordenados,100,9.439889999942609e-06,6.9730914639850945e-06,22.99,6.358792528793688
30,aline,search,AVLTree,Arranjos Ordenados (DESC),10,5.35340000018536e-06,3.0390701502498232e-06,7.7,2.9832867780352594
31,aline,insert,AVLTree,Arranjos Ordenados (DESC),10000,0.00017150494719999664,0.007498303765268637,41.0809,4.496106836772094
32,aline,search,AVLTree,Arranjos Ordenados (ASC),10000,7.454903899996967e-06,0.00015861616530376895,36.0893,4.463128662916427
33,aline,search,AVLTree,Arranjos Quase Ordenados,10000,6.91253168000209e-05,0.006054549624717721,36.0893,4.463128662916427
34,aline,remove,AVLTree,Arranjos Ordenados (DESC),10,6.311099999223302e-06,9.10986689075645e-06,8.8,3.32665998663324
35,aline,remove,AVLTree,Arranjos Quase Ordenados,10,4.4770999991783356e-06,3.273456394577108e-06,9.8,3.823901439919996
36,aline,remove,AVLTree,Arranjos Quase Ordenados,100,1.0041190000045219e-05,4.2483910362559225e-06,20.33,5.389955116846165
37,aline,remove,AVLTree,Arranjos Ordenados (DESC),1000,0.00017805211099998174,0.00525552044167098,27.705,4.8105213975323
38,aline,remove,AVLTree,Arranjos Quase Ordenados,1000,2.3993440000058543e-05,0.0004946854102294738,29.775,5.506059543057239
39,aline,remove,AVLTree,Arranjos Ordenados (ASC),100,7.950060000148084e-06,8.4574862129971e-06,17.84,4.663895280976964
40,aline,search,AVLTree,Arranjos Ordenados (DESC),10000,7.974098450003417e-05,0.005170886498695469,36.0893,4.463128662916427
41,aline,remove,AVLTree,Arranjos Ordenados (ASC),10000,0.00017132036259998848,0.0104162045803183,37.024,5.090423876409916
42,aline,insert,AVLTree,Arranjos Desordenados,10000,0.0001971765860999981,0.006356449015073919,39.2652,5.967548083007987
43,aline,remove,AVLTree,Arranjos Quase Ordenados,10000,0.0002715083154999995,0.011889144947068846,39.6076,5.64343929538611
44,aline,remove,AVLTree,Arranjos Ordenados (ASC),1000,1.3553998000006118e-05,0.0001661747642882023,27.206,4.885225627279607
45,aline,insert,AVLTree,Arranjos Ordenados (DESC),100000,0.00019438976263999906,0.008508655530066847,51.06736,4.466511180733938
46,aline,search,AVLTree,Arranjos Desordenados,10000,1.5213807499978316e-05,0.0006546391053300433,36.8288,5.112758999841382
47,aline,remove,AVLTree,Arranjos Ordenados (DESC),10000,0.00017878114540000354,0.005454341183159835,37.5239,5.016606963331138
48,aline,insert,AVLTree,Arranjos Quase Ordenados,100000,0.0001879484964400023,0.00853558281471771,51.26735,5.010812814299752
49,aline,remove,AVLTree,Arranjos Desordenados,10000,3.6989466100001776e-05,0.0005652694095668263,49.6934,7.50855740361811
50,aline,insert,AVLTree,Arranjos Ordenados (ASC),100000,0.00023983371435999957,0.0096051770237558,51.06736,4.466511180733938
51,aline,search,AVLTree,Arranjos Quase Ordenados,100000,3.630312801998748e-05,0.004041520420780332,46.06841,4.461276622424462
52,aline,search,AVLTree,Arranjos Ordenados (ASC),100000,3.842882456999589e-05,0.004692348414083533,46.06838,4.461240096904898
53,aline,insert,AVLTree,Arranjos Desordenados,100000,0.0003072582331999976,0.01290194351938472,49.31828,5.9996248046505345
54,aline,search,AVLTree,Arranjos Ordenados (DESC),100000,7.152225989999483e-05,0.007545425794762967,46.06838,4.461240096904898
55,aline,search,AVLTree,Arranjos Desordenados,100000,3.460477752000877e-05,0.0031808295679703075,46.8152,5.136394921102529
56,aline,remove,AVLTree,Arranjos Quase Ordenados,100000,0.00010124555256999926,0.006946546978669709,50.40187,6.4145305334934415
57,aline,remove,AVLTree,Arranjos Ordenados (DESC),100000,8.148395215999102e-05,0.005791159039542573,48.31543,5.885482164113918
58,aline,remove,AVLTree,Arranjos Ordenados (ASC),100000,0.00014378619979001265,0.009344893874521244,47.81544,5.94881261178354
59,aline,remove,AVLTree,Arranjos Desordenados,100000,0.0001158980992300019,0.00764667786306982,63.07772,7.514753776195409
60,aline,insert,AVLTree,Arranjos Quase Ordenados,1000000,0.0001336999023720067,0.00800664632706289,61.054214,4.8558194386927545
61,aline,insert,AVLTree,Arranjos Ordenados (ASC),1000000,0.0001364705588210089,0.008332728318243953,60.854215,4.291757233692879
62,aline,insert,AVLTree,Arranjos Ordenados (DESC),1000000,0.0001494363836949969,0.008989215579213115,60.854215,4.291757233692879
63,aline,search,AVLTree,Arranjos Quase Ordenados,1000000,1.549422095300119e-05,0.0014885104844912862,55.854338,4.290967605815616
64,aline,search,AVLTree,Arranjos Ordenados (ASC),1000000,1.493082285500634e-05,0.0014341698850175626,55.854335,4.290964357827984
65,aline,insert,AVLTree,Arranjos Desordenados,1000000,0.00018365149415198654,0.009783868836134262,59.384275,6.096525148967556
66,aline,search,AVLTree,Arranjos Ordenados (DESC),1000000,2.4004739520989374e-05,0.003122300920264757,55.854335,4.290964357827984
67,aline,search,AVLTree,Arranjos Desordenados,1000000,2.9090325981012113e-05,0.002937450544536925,56.914472,5.2464256867126675
68,aline,remove,AVLTree,Arranjos Quase Ordenados,1000000,5.989070714298725e-05,0.0033474084058536385,59.869427,6.325499324449629
69,aline,remove,AVLTree,Arranjos Ordenados (ASC),1000000,6.633029583698316e-05,0.003919240854440646,57.28221,5.8583850877674335
70,aline,remove,AVLTree,Arranjos Ordenados (DESC),1000000,6.78206557610132e-05,0.003950935082614636,57.782209,5.794026376455379
71,aline,remove,AVLTree,Arranjos Desordenados,1000000,5.4844822223007045e-05,0.0023292902008475013,76.537108,7.652827684072572